{
  "dataRoles": [
    {
      "name": "Rows",
      "displayName": "Rows",
      "displayNameKey": "Visual_Rows",
      "kind": "Grouping"
    },
    {
      "name": "Columns",
      "displayName": "Columns",
      "displayNameKey": "Visual_Columns",
      "kind": "Grouping"
    },
    {
      "name": "Value",
      "displayName": "Value",
      "displayNameKey": "Visual_Values",
      "kind": "Measure"
    }
  ],
  "dataViewMappings": [
    {
      "matrix": {
        "rows": {
          "for": {
            "in": "Rows"
          }
        },
        "columns": {
          "for": {
            "in": "Columns"
          }
        },
        "values": {
          "select": [
            {
              "for": {
                "in": "Value"
              }
            }
          ]
        }
      }
    }
  ],
  "sorting": {
    "default": {}
  },
  "objects": {
    "table": {
      "displayName": "Table Style",
      "properties": {
        "widthFirstColumn": {
          "displayName": "Width First Column",
          "type": {
            "numeric": true
          }
        },
        "widthCompaniesColumn": {
          "displayName": "Width Companies Column",
          "type": {
            "numeric": true
          }
        },
        "progressBar": {
          "displayName": "Progress Bar",
          "description": "The fill color of the Progress Bar.",
          "type": {
            "fill": {
              "solid": {
                "color": true
              }
            }
          }
        },
        "backgroundBar": {
          "displayName": "Background Bar",
          "description": "The fill color of the Background Bar.",
          "type": {
            "fill": {
              "solid": {
                "color": true
              }
            }
          }
        },
        "textColorBar": {
          "displayName": "Text Bar",
          "description": "The fill color of the Text Bar.",
          "type": {
            "fill": {
              "solid": {
                "color": true
              }
            }
          }
        },
        "completedBar": {
          "displayName": "Completed Bar",
          "description": "The fill color of the Completed Bar.",
          "type": {
            "fill": {
              "solid": {
                "color": true
              }
            }
          }
        },
        "onTrackBar": {
          "displayName": "On Track Bar",
          "description": "The fill color of the On Track Bar.",
          "type": {
            "fill": {
              "solid": {
                "color": true
              }
            }
          }
        },
        "delayedBar": {
          "displayName": "Delayed Bar",
          "description": "The fill color of the Delayed Bar.",
          "type": {
            "fill": {
              "solid": {
                "color": true
              }
            }
          }
        },
        "cancelledBar": {
          "displayName": "Cancelled Bar",
          "description": "The fill color of the Cancelled Bar.",
          "type": {
            "fill": {
              "solid": {
                "color": true
              }
            }
          }
        },
        "overdueBar": {
          "displayName": "Overdue Bar",
          "description": "The fill color of the Overdue Bar.",
          "type": {
            "fill": {
              "solid": {
                "color": true
              }
            }
          }
        },
        "onHoldBar": {
          "displayName": "On Hold Bar",
          "description": "The fill color of the On Hold Bar.",
          "type": {
            "fill": {
              "solid": {
                "color": true
              }
            }
          }
        },
        "naBar": {
          "displayName": "NA Bar",
          "description": "The fill color of the NA Bar.",
          "type": {
            "fill": {
              "solid": {
                "color": true
              }
            }
          }
        },
        "noStatusBar": {
          "displayName": "No Status",
          "description": "The fill color of the No Status Bar.",
          "type": {
            "fill": {
              "solid": {
                "color": true
              }
            }
          }
        }
      }
    }
  }
}
